{
  "categories": [
    {
      "id": 1,
      "name": "CSPM Executive Dashboard",
      "widgets": [
        {
          "id": 101,
          "name": "Cloud Accounts",
          "text": "2 Total",
          "type": "pie_chart",
          "data": {
            "Connected": 2,
            "Not Connected": 2
          },
          "graph": {
            "labels": ["Connected", "Not Connected"],
            "datasets": [
              {
                "label": "# of Votes",
                "data": [12, 19],
                "backgroundColor": ["red", "Green"],
                "borderColor": ["red", "Green"],
                "borderWidth": 1
              }
            ]
          }
        },
        {
          "id": 102,
          "name": "Cloud Account Risk Assessment",
          "text": "9659 Total",
          "type": "donut_chart",
          "data": {
            "Failed": 1689,
            "Warning": 581,
            "Not available": 83,
            "Passed": 7253
          },
          "graph": {
            "labels": ["Failed", "Warning", "Not available", "Passed"],
            "datasets": [
              {
                "label": "# of Votes",
                "data": [1689, 581, 83, 7253],
                "backgroundColor": ["red", "Green", "black", "orange"],
                "borderColor": ["red", "Green", "black", "orange"],
                "borderWidth": 1
              }
            ]
          }
        },
        {
          "id": 103,
          "name": "Security Alerts",
          "text": "5 Total",
          "type": "bar_chart",
          "data": {
            "High": 2,
            "Medium": 2,
            "Low": 1
          },
          "graph": {
            "labels": ["High", "Medium", "Low"],
            "datasets": [
              {
                "label": "Alert Severity",
                "data": [2, 2, 1],
                "backgroundColor": ["#FFCE56", "#FF9F40", "#4BC0C0"],
                "borderColor": ["#FFCE56", "#FF9F40", "#4BC0C0"],
                "borderWidth": 1
              }
            ]
          }
        },
        {
          "id": 104,
          "name": "Compliance Status",
          "text": "3 Total",
          "type": "line_chart",
          "data": {
            "Compliant": 1,
            "Non-Compliant": 2
          },
          "graph": {
            "labels": ["Compliant", "Non-Compliant"],
            "datasets": [
              {
                "label": "Compliance",
                "data": [1, 2],
                "backgroundColor": ["#4BC0C0", "#FF6384"],
                "borderColor": ["#4BC0C0", "#FF6384"],
                "borderWidth": 1
              }
            ]
          }
        }
      ]
    },
    {
      "id": 2,
      "name": "CWPP Dashboard",
      "widgets": [
        {
          "id": 201,
          "name": "Top 5 Namespace Specific Alerts",
          "text": "Namespace Alerts Overview",
          "type": "graph",
          "data": {
            "'Sales 2024 (in USD)'": [12000, 19000, 3000, 5000, 20000, 30000],
            "'Sales 2024": [15000, 12000, 8000, 13000, 15000, 17000]
          }
        },
        {
          "id": 205,
          "name": "Incident Response Time",
          "text": "Response Time in Minutes",
          "type": "graph",
          "data": {
            "'Average Response Time'": [30, 25, 28, 32, 27, 29],
            "'Maximum Response Time'": [45, 50, 48, 52, 47, 49]
          }
        },
        {
          "id": 203,
          "name": "Top Vulnerable Images",
          "text": "Vulnerabilities in Docker Images",
          "type": "graph",
          "data": {
            "'Vulnerabilities in Image 1'": [15, 20, 18, 22, 25, 30],
            "'Vulnerabilities in Image 2'": [10, 12, 9, 14, 16, 18]
          }
        },
        {
          "id": 204,
          "name": "Policy Compliance Over Time",
          "text": "Compliance Metrics",
          "type": "graph",
          "data": {
            "'Compliant Workloads (%)'": [85, 88, 90, 87, 89, 91],
            "'Non-Compliant Workloads (%)'": [15, 12, 10, 13, 11, 9]
          }
        }
      ]
    },
    {
      "id": 3,
      "name": "Registry Scan",
      "widgets": [
        {
          "id": 301,
          "name": "Image Risk Assessment",
          "text": "1470 Total Vulnerabilities",
          "type": "bar_chart",
          "data": {
            "Critical": 9,
            "High": 150
          },
           "graph": {
            "labels": ["Vulnerabilities"],
            "datasets": [
              {
                "label": "Critical",
                "data": [300],
                "backgroundColor": "rgba(255, 0, 0, 0.8)",
                "stack": "Stack 0",
                "barThickness": 20,
                "borderRadius": 20
              },
              {
                "label": "High",
                "data": [150],
                "backgroundColor": "rgba(255, 69, 0, 0.8)",
                "stack": "Stack 0",
                "barThickness": 20
              },
              {
                "label": "Medium",
                "data": [500],
                "backgroundColor": "rgba(255, 165, 0, 0.8)",
                "stack": "Stack 0",
                "barThickness": 20
              },
              {
                "label": "Low",
                "data": [811],
                "backgroundColor": "rgba(255, 205, 86, 0.8)",
                "stack": "Stack 0",
                "barThickness": 20,
                "borderRadius": 10
              }
            ]
          }
        },
        {
          "id": 302,
          "name": "Image Security Issues",
          "text": "2 Total Images",
          "type": "bar_chart",
          "data": {
            "Critical": 2,
            "High": 0
          },
          "graph": {
            "labels": ["Vulnerabilities"],
            "datasets": [
              {
                "label": "Critical",
                "data": [300],
                "backgroundColor": "rgba(255, 0, 0, 0.8)",
                "stack": "Stack 0",
                "barThickness": 20,
                "borderRadius": 20
              },
              {
                "label": "High",
                "data": [150],
                "backgroundColor": "rgba(255, 69, 0, 0.8)",
                "stack": "Stack 0",
                "barThickness": 20
              },
              {
                "label": "Medium",
                "data": [500],
                "backgroundColor": "rgba(255, 165, 0, 0.8)",
                "stack": "Stack 0",
                "barThickness": 20
              },
              {
                "label": "Low",
                "data": [811],
                "backgroundColor": "rgba(255, 205, 86, 0.8)",
                "stack": "Stack 0",
                "barThickness": 20,
                "borderRadius": 10
              }
            ]
          }
        }
      ]
    }
  ]
}
